filename,lld_0,lld_1,lld_2,lld_3,lld_4,lld_5,lld_6,lld_7,lld_8,lld_9,lld_10,lld_11,lld_12,lld_13,lld_14,lld_15,lld_16,lld_17,lld_18,lld_19,lld_20,lld_21,lld_22,lld_23,lld_24,lld_25,lld_26,lld_27,lld_28,lld_29,lld_30,lld_31,lld_32,lld_33,lld_34,lld_35,lld_36,lld_37,lld_38,lld_39,lld_40,lld_41,lld_42,lld_43,lld_44,lld_45,lld_46,lld_47,lld_48,lld_49,lld_50,lld_51,lld_52,lld_53,lld_54,lld_55,lld_56,lld_57,lld_58,lld_59,lld_60,lld_61,lld_62,lld_63,lld_64
1797-phrase.wav,0.0,0.62845415,0.0,0.0,0.0,-100.0,0.23782031,0.98834115,0.010353368,0.05347222,0.12921618,0.27204838,0.41952792,0.5544473,0.66972893,0.76589614,0.84702843,0.9178292,0.9822495,1.0430994,1.1020993,1.1600702,1.2171308,1.2728368,1.3262117,1.3755809,1.4180565,1.4484811,1.4578775,1.432704,1.3587462,1.2323397,1.069155,0.8959276,0.7342484,0.5943311,0.001028045,0.0019049187,31.25,52.083332,562.5,1812.5,0.020576673,555.5445,3.1858304,1294744.9,6.7536564,97.68668,-0.0020206955,0.38492426,0.00095300283,9.603974,12.272908,15.625637,21.561258,-8.858512,12.804886,15.998263,-20.450712,-1.4372252,-3.7831285,-6.85617,-1.8596894,-5.581623,0.5078712
1950-phrase.wav,0.0,0.57972217,0.0,0.0,0.0,-100.0,0.040410895,0.98834115,0.003819177,0.046527777,0.12921618,0.27204838,0.41952792,0.5544473,0.66972893,0.76589614,0.84702843,0.9178292,0.9822495,1.0430994,1.1020993,1.1600702,1.2171308,1.2728368,1.3262117,1.3755809,1.4180565,1.4484811,1.4578775,1.432704,1.3587462,1.2323397,1.069155,0.8959276,0.7342484,0.5943311,2.2161246e-06,1.5242343e-06,31.25,31.25,31.25,62.5,0.0029062424,50.51354,0.77372104,59065.45,22.83766,568.52814,-0.00022774802,0.039677966,3.1458287e-06,10.035298,14.916,-1.9189762,9.288074,12.528272,21.51594,30.714933,9.673379,7.3731666,7.5464454,16.668795,6.7976203,14.412804,3.5409756
1565-phrase.wav,0.0,0.0,0.0,0.0,0.0,-100.0,0.022982754,0.98834115,0.0009352032,0.04548611,0.12921618,0.27204838,0.41952792,0.5544473,0.66972893,0.76589614,0.84702843,0.9178292,0.9822495,1.0430994,1.1020993,1.1600702,1.2171308,1.2728368,1.3262117,1.3755809,1.4180565,1.4484811,1.4578775,1.432704,1.3587462,1.2323397,1.069155,0.8959276,0.7342484,0.5943311,5.3775904e-07,4.1311117e-07,41.666668,52.083332,93.75,416.66666,0.0033807205,203.25226,2.0358403,529079.0,13.813876,268.28583,-1.7408493e-05,0.15734954,4.1296724e-07,9.7180805,12.960846,7.455523,4.628951,11.00383,15.76378,7.3928857,3.5298958,12.898022,11.726116,18.846977,9.162524,5.3044214,-0.41876507
1782-phrase.wav,0.0,0.60348165,0.0,0.0,0.0,-100.0,0.09909574,0.98834115,0.004088721,0.05138889,0.12921618,0.27204838,0.41952792,0.5544473,0.66972893,0.76589614,0.84702843,0.9178292,0.9822495,1.0430994,1.1020993,1.1600702,1.2171308,1.2728368,1.3262117,1.3755809,1.4180565,1.4484811,1.4578775,1.432704,1.3587462,1.2323397,1.069155,0.8959276,0.7342484,0.5943311,3.592807e-05,2.3333158e-05,31.25,52.083332,104.166664,2479.1667,0.00471848,623.4702,2.9016716,2703289.2,2.9930131,10.753568,-0.00012368521,0.44176555,4.1006948e-05,3.9965928,19.487326,-2.8605049,6.0390205,9.9591465,4.782364,7.9611726,0.63515013,0.91720265,-5.975733,5.602112,7.908137,10.59858,8.466117
2320-phrase.wav,0.0,0.44726542,0.0,0.0,0.0,-100.0,0.15469764,0.98834115,0.029199667,0.027083332,0.12921618,0.27204838,0.41952792,0.5544473,0.66972893,0.76589614,0.84702843,0.9178292,0.9822495,1.0430994,1.1020993,1.1600702,1.2171308,1.2728368,1.3262117,1.3755809,1.4180565,1.4484811,1.4578775,1.432704,1.3587462,1.2323397,1.069155,0.8959276,0.7342484,0.5943311,8.3527215e-05,0.00028061803,31.25,31.25,31.25,62.5,0.058732834,64.305084,0.95762235,119096.79,19.496965,437.5764,-0.016055996,0.050284326,0.00031932196,7.401302,22.075483,3.0556824,26.37716,36.371487,24.75228,3.3632514,-8.63981,4.270498,12.635144,20.363451,-3.5720174,-8.711225,-2.0739167
2352-phrase.wav,0.0,0.38874355,0.0,0.0,0.0,-100.0,0.059207838,0.98834115,0.0037296566,0.031944443,0.12921618,0.27204838,0.41952792,0.5544473,0.66972893,0.76589614,0.84702843,0.9178292,0.9822495,1.0430994,1.1020993,1.1600702,1.2171308,1.2728368,1.3262117,1.3755809,1.4180565,1.4484811,1.4578775,1.432704,1.3587462,1.2323397,1.069155,0.8959276,0.7342484,0.5943311,2.0320911e-05,3.838212e-06,31.25,31.25,52.083332,62.5,0.0068638474,162.50163,1.2926106,672221.44,7.7341027,66.30275,-0.00021254753,0.11904159,1.2253171e-05,4.8565555,25.218447,3.5529625,15.381882,7.174715,5.999443,0.36519298,-6.954701,10.384355,3.0681734,7.625778,5.955456,12.211331,7.3182006
1994-phrase.wav,0.0,0.48629308,0.0,0.0,0.0,-100.0,0.06371081,0.98834115,0.005189482,0.038194444,0.12921618,0.27204838,0.41952792,0.5544473,0.66972893,0.76589614,0.84702843,0.9178292,0.9822495,1.0430994,1.1020993,1.1600702,1.2171308,1.2728368,1.3262117,1.3755809,1.4180565,1.4484811,1.4578775,1.432704,1.3587462,1.2323397,1.069155,0.8959276,0.7342484,0.5943311,8.590351e-06,4.4861667e-06,31.25,31.25,52.083332,62.5,0.010535638,137.59863,1.3071103,530333.4,8.734019,83.555595,-0.00036209426,0.10301295,1.1171337e-05,4.6693387,25.228994,-5.668131,1.7182703,8.247092,20.980492,17.25619,19.98388,19.844427,11.983101,15.317525,0.9679685,20.920988,11.594224
1869-phrase.wav,0.0,0.26091263,0.0,0.0,0.0,-100.0,0.243865,0.98834115,0.22809468,0.0,0.12921618,0.27204838,0.41952792,0.5544473,0.66972893,0.76589614,0.84702843,0.9178292,0.9822495,1.0430994,1.1020993,1.1600702,1.2171308,1.2728368,1.3262117,1.3755809,1.4180565,1.4484811,1.4578775,1.432704,1.3587462,1.2323397,1.069155,0.8959276,0.7342484,0.5943311,0.00096566434,0.00040709553,31.25,31.25,31.25,62.5,0.030308433,35.169636,0.5061582,1650.0908,111.48559,15939.21,-0.69854146,0.027344123,0.00087610213,18.877386,13.043542,11.169185,13.558936,12.801688,15.340886,15.64144,16.157679,17.039946,16.171442,17.376307,15.845693,15.59008,13.139642
1972-phrase.wav,0.0,0.0,0.0,0.0,0.0,-100.0,0.09553451,0.98834115,0.022512501,0.013888889,0.12921618,0.27204838,0.41952792,0.5544473,0.66972893,0.76589614,0.84702843,0.9178292,0.9822495,1.0430994,1.1020993,1.1600702,1.2171308,1.2728368,1.3262117,1.3755809,1.4180565,1.4484811,1.4578775,1.432704,1.3587462,1.2323397,1.069155,0.8959276,0.7342484,0.5943311,2.1320959e-05,1.7836175e-05,31.25,31.25,41.666668,62.5,0.031421397,44.95453,0.82161254,35161.37,34.515305,1336.3383,-0.008401581,0.035883565,3.2481785e-05,7.8670955,20.400368,7.400968,13.981358,13.302693,25.568304,27.853195,15.52966,11.36242,9.788155,11.97495,20.190039,22.964447,3.9296196
1937-phrase.wav,0.0,0.61419255,0.0,0.0,0.0,-100.0,0.042342912,0.98834115,0.005121644,0.035069443,0.12921618,0.27204838,0.41952792,0.5544473,0.66972893,0.76589614,0.84702843,0.9178292,0.9822495,1.0430994,1.1020993,1.1600702,1.2171308,1.2728368,1.3262117,1.3755809,1.4180565,1.4484811,1.4578775,1.432704,1.3587462,1.2323397,1.069155,0.8959276,0.7342484,0.5943311,2.5768393e-06,1.4648459e-06,31.25,31.25,41.666668,62.5,0.0057641547,50.984814,0.85905915,68047.32,23.75978,593.6361,-0.00044968692,0.040428188,2.2761906e-06,7.3693185,21.125532,3.7495902,16.605013,7.8860435,19.292746,18.0913,14.223644,18.755583,13.202113,10.205003,11.500678,23.036638,8.373305
1961-phrase.wav,0.0,0.5970545,0.0,0.0,0.0,-100.0,0.049189206,0.98834115,0.0031764952,0.038541667,0.12921618,0.27204838,0.41952792,0.5544473,0.66972893,0.76589614,0.84702843,0.9178292,0.9822495,1.0430994,1.1020993,1.1600702,1.2171308,1.2728368,1.3262117,1.3755809,1.4180565,1.4484811,1.4578775,1.432704,1.3587462,1.2323397,1.069155,0.8959276,0.7342484,0.5943311,3.9956725e-05,1.2040122e-06,31.25,31.25,62.5,104.166664,0.0028064295,98.77377,1.7405152,194594.75,13.017695,183.77522,-0.00013111248,0.084827445,1.4504239e-05,15.306228,31.912867,4.180285,1.5854203,-2.2433603,2.1425717,7.600865,1.1866107,4.575731,6.1893864,9.877187,16.594606,21.01584,5.5944943
1817-phrase.wav,0.0,0.30898726,0.0,0.0,0.0,-100.0,0.17063634,0.98834115,0.013995764,0.02222222,0.12921618,0.27204838,0.41952792,0.5544473,0.66972893,0.76589614,0.84702843,0.9178292,0.9822495,1.0430994,1.1020993,1.1600702,1.2171308,1.2728368,1.3262117,1.3755809,1.4180565,1.4484811,1.4578775,1.432704,1.3587462,1.2323397,1.069155,0.8959276,0.7342484,0.5943311,0.00028302564,0.00025341698,31.25,31.25,41.666668,62.5,0.025863497,96.99308,1.3946067,143886.2,10.839794,150.35338,-0.0031529048,0.07890448,0.00016744796,15.103177,4.288483,5.9327817,7.436874,-3.3046722,7.8900166,22.170263,8.585808,-1.792377,4.3106484,14.104523,14.561828,14.798756,3.5996273
1438-phrase.wav,0.0,0.0,0.0,0.0,0.0,-100.0,0.045590144,0.98834115,0.00490837,0.011111111,0.12921618,0.27204838,0.41952792,0.5544473,0.66972893,0.76589614,0.84702843,0.9178292,0.9822495,1.0430994,1.1020993,1.1600702,1.2171308,1.2728368,1.3262117,1.3755809,1.4180565,1.4484811,1.4578775,1.432704,1.3587462,1.2323397,1.069155,0.8959276,0.7342484,0.5943311,1.0045082e-05,1.8264101e-06,31.25,31.25,62.5,62.5,0.007540481,62.48846,1.2769755,86492.93,22.750175,593.0961,-0.00039336694,0.052572068,5.18436e-06,12.688043,26.83224,8.370098,14.206226,5.7673187,18.037094,7.5798206,10.369737,12.149533,5.20606,22.3958,4.331983,14.3300905,8.397302
1752-phrase.wav,0.0,0.0,0.0,0.0,0.0,-100.0,0.0694462,0.98834115,0.01232669,0.00625,0.12921618,0.27204838,0.41952792,0.5544473,0.66972893,0.76589614,0.84702843,0.9178292,0.9822495,1.0430994,1.1020993,1.1600702,1.2171308,1.2728368,1.3262117,1.3755809,1.4180565,1.4484811,1.4578775,1.432704,1.3587462,1.2323397,1.069155,0.8959276,0.7342484,0.5943311,9.272195e-05,2.86419e-06,31.25,31.25,31.25,62.5,0.005740794,44.922688,0.8636978,17651.83,38.943295,1819.0934,-0.002631848,0.037298787,4.733025e-05,20.620209,31.512323,0.85380477,-2.2368586,-3.125665,11.459007,16.280464,17.379694,13.148842,-2.7660496,2.4243915,5.3986764,12.656024,15.703578
1914-phrase.wav,0.0,0.0,0.0,0.0,0.0,-100.0,0.032809313,0.98834115,0.0015509679,0.010069445,0.12921618,0.27204838,0.41952792,0.5544473,0.66972893,0.76589614,0.84702843,0.9178292,0.9822495,1.0430994,1.1020993,1.1600702,1.2171308,1.2728368,1.3262117,1.3755809,1.4180565,1.4484811,1.4578775,1.432704,1.3587462,1.2323397,1.069155,0.8959276,0.7342484,0.5943311,1.6181016e-06,9.905947e-07,31.25,31.25,52.083332,62.5,0.0014622012,84.89596,1.2896549,200690.58,12.942509,182.6486,-4.008918e-05,0.06651015,1.0673796e-06,8.719094,16.00773,7.1526814,17.706125,12.345845,11.7563095,8.247479,15.496121,8.573541,-1.0295569,2.1691792,5.4309483,10.556192,5.6111946
1821-phrase.wav,0.0,0.66034293,0.0,0.0,0.0,-100.0,0.22922803,0.98834115,0.0453746,0.016666668,0.12921618,0.27204838,0.41952792,0.5544473,0.66972893,0.76589614,0.84702843,0.9178292,0.9822495,1.0430994,1.1020993,1.1600702,1.2171308,1.2728368,1.3262117,1.3755809,1.4180565,1.4484811,1.4578775,1.432704,1.3587462,1.2323397,1.069155,0.8959276,0.7342484,0.5943311,0.077516966,5.340391e-05,83.333336,197.91667,250.0,260.41666,0.060746122,167.34227,2.4772909,22897.133,22.689169,925.7981,-0.04262477,0.17847823,0.05340224,27.499838,40.339005,18.452581,21.659296,3.6272488,-0.2516553,-6.5285816,-20.919874,-14.855067,-18.938883,-11.476375,-10.915235,-1.4016484,-4.4653997
2304-phrase.wav,150.12593,0.5588722,0.0,0.0,0.0,5.447203,0.09769563,0.98834115,0.0021221517,0.116666675,0.12921618,0.27204838,0.41952792,0.5544473,0.66972893,0.76589614,0.84702843,0.9178292,0.9822495,1.0430994,1.1020993,1.1600702,1.2171308,1.2728368,1.3262117,1.3755809,1.4180565,1.4484811,1.4578775,1.432704,1.3587462,1.2323397,1.069155,0.8959276,0.7342484,0.5943311,2.3968796e-05,3.269444e-05,31.25,62.5,729.1667,6062.5,0.0030745694,1191.4186,4.008124,4930789.5,1.7955122,4.5607505,-5.441907e-05,0.8433005,4.4602915e-05,2.441974,15.106803,-4.696652,0.8030164,3.1987488,17.747911,8.4741335,0.9912901,6.461905,10.463645,22.337282,2.1169498,11.873408,-4.7425723
2234-phrase.wav,0.0,0.5319894,0.0,0.0,0.0,-100.0,0.36397007,0.98834115,0.0153403105,0.094444446,0.12921618,0.27204838,0.41952792,0.5544473,0.66972893,0.76589614,0.84702843,0.9178292,0.9822495,1.0430994,1.1020993,1.1600702,1.2171308,1.2728368,1.3262117,1.3755809,1.4180565,1.4484811,1.4578775,1.432704,1.3587462,1.2323397,1.069155,0.8959276,0.7342484,0.5943311,0.002410149,0.0022853494,31.25,62.5,218.75,1125.0,0.03396097,494.37686,3.343321,1491626.1,3.4968376,15.699206,-0.0048489156,0.36501288,0.0015971157,8.052936,8.721145,4.29931,-6.8138523,-10.62024,16.424183,17.728233,-6.0060596,6.0507674,17.102493,11.751529,4.431747,4.136761,-1.4527692
1804-phrase.wav,0.0,0.5197179,0.0,0.0,0.0,-100.0,0.08092872,0.98834115,0.012167762,0.007291667,0.12921618,0.27204838,0.41952792,0.5544473,0.66972893,0.76589614,0.84702843,0.9178292,0.9822495,1.0430994,1.1020993,1.1600702,1.2171308,1.2728368,1.3262117,1.3755809,1.4180565,1.4484811,1.4578775,1.432704,1.3587462,1.2323397,1.069155,0.8959276,0.7342484,0.5943311,5.106427e-05,9.628527e-06,31.25,31.25,31.25,62.5,0.0053169928,51.78995,1.0332993,51453.676,25.562101,703.64154,-0.00223057,0.042405277,7.606017e-05,15.314158,27.421595,9.384556,20.489859,12.498748,11.495946,14.314258,4.1912136,3.3611364,-5.9072824,6.344645,-1.7216878,4.37327,-5.970839
1769-phrase.wav,0.0,0.52003163,0.0,0.0,0.0,-100.0,0.04336391,0.98834115,0.0035426992,0.019791666,0.12921618,0.27204838,0.41952792,0.5544473,0.66972893,0.76589614,0.84702843,0.9178292,0.9822495,1.0430994,1.1020993,1.1600702,1.2171308,1.2728368,1.3262117,1.3755809,1.4180565,1.4484811,1.4578775,1.432704,1.3587462,1.2323397,1.069155,0.8959276,0.7342484,0.5943311,3.618921e-06,1.6680291e-06,31.25,31.25,41.666668,62.5,0.006049335,78.60687,1.0307665,220216.94,14.426555,227.06615,-0.0002203827,0.060393333,3.2516862e-06,7.4090295,23.200256,0.7030559,19.76873,11.477497,12.8142,12.035945,6.1965804,12.359168,7.117655,7.730908,0.7631335,14.459084,12.971965
1762-phrase.wav,0.0,0.5969307,0.0,0.0,0.0,-100.0,0.060036246,0.98834115,0.012325227,0.019097222,0.12921618,0.27204838,0.41952792,0.5544473,0.66972893,0.76589614,0.84702843,0.9178292,0.9822495,1.0430994,1.1020993,1.1600702,1.2171308,1.2728368,1.3262117,1.3755809,1.4180565,1.4484811,1.4578775,1.432704,1.3587462,1.2323397,1.069155,0.8959276,0.7342484,0.5943311,1.2021828e-05,5.217866e-06,31.25,31.25,52.083332,62.5,0.010400052,46.260998,1.0094088,22489.373,38.29273,1590.1592,-0.0019284204,0.03870279,9.068233e-06,12.834922,21.165205,8.273505,18.260384,13.469052,17.824203,15.438031,11.018455,15.750121,12.144023,17.672655,6.399343,15.723704,10.602589
2159-phrase.wav,0.0,0.509075,0.0,0.0,0.0,-100.0,0.08285794,0.98834115,0.006103723,0.08680556,0.12921618,0.27204838,0.41952792,0.5544473,0.66972893,0.76589614,0.84702843,0.9178292,0.9822495,1.0430994,1.1020993,1.1600702,1.2171308,1.2728368,1.3262117,1.3755809,1.4180565,1.4484811,1.4578775,1.432704,1.3587462,1.2323397,1.069155,0.8959276,0.7342484,0.5943311,8.820462e-06,1.2303141e-05,31.25,31.25,41.666668,62.5,0.013153277,220.16768,1.2388297,1023301.2,7.099192,58.593143,-0.00065797986,0.15632473,2.0973972e-05,0.4205947,23.310766,-4.766118,11.0732355,17.5007,16.331686,15.326299,12.508369,6.405613,2.5235248,13.200947,7.8853416,11.644726,12.308301
1938-phrase.wav,0.0,0.6023924,0.0,0.0,0.0,-100.0,0.15592559,0.98834115,0.030926324,0.016319444,0.12921618,0.27204838,0.41952792,0.5544473,0.66972893,0.76589614,0.84702843,0.9178292,0.9822495,1.0430994,1.1020993,1.1600702,1.2171308,1.2728368,1.3262117,1.3755809,1.4180565,1.4484811,1.4578775,1.432704,1.3587462,1.2323397,1.069155,0.8959276,0.7342484,0.5943311,0.00048542186,0.00014391029,31.25,52.083332,52.083332,104.166664,0.03417476,62.928574,1.6535989,27568.568,28.057375,1086.4462,-0.011090898,0.056918096,0.00056022947,22.233109,18.523075,11.093109,21.04296,21.130474,12.124867,12.836723,-4.2033753,1.1049551,-7.126194,17.281462,17.730455,-2.0695884,-6.055584
2485-phrase.wav,0.0,0.6096108,0.0,0.0,0.0,-100.0,0.116596065,0.98834115,0.003721117,0.110763885,0.12921618,0.27204838,0.41952792,0.5544473,0.66972893,0.76589614,0.84702843,0.9178292,0.9822495,1.0430994,1.1020993,1.1600702,1.2171308,1.2728368,1.3262117,1.3755809,1.4180565,1.4484811,1.4578775,1.432704,1.3587462,1.2323397,1.069155,0.8959276,0.7342484,0.5943311,0.0003883629,6.893183e-05,250.0,270.83334,302.08334,635.4167,0.027492745,496.12558,2.6209052,1182118.6,5.9135475,51.338306,-0.00042391548,0.42661175,0.0004278391,10.083863,12.322037,-12.890782,-8.604294,-5.483237,3.4496233,5.8873267,22.59192,8.725159,2.0598793,13.135601,-5.8711095,1.9828525,2.707844
2397-phrase.wav,0.0,0.50768155,0.0,0.0,0.0,-100.0,0.062091585,0.98834115,0.00764214,0.008333334,0.12921618,0.27204838,0.41952792,0.5544473,0.66972893,0.76589614,0.84702843,0.9178292,0.9822495,1.0430994,1.1020993,1.1600702,1.2171308,1.2728368,1.3262117,1.3755809,1.4180565,1.4484811,1.4578775,1.432704,1.3587462,1.2323397,1.069155,0.8959276,0.7342484,0.5943311,3.0820581e-06,9.951666e-06,31.25,31.25,52.083332,62.5,0.01299438,91.1539,1.0991048,262384.72,21.215042,856.90424,-0.00077376934,0.06823256,6.0717884e-06,3.705778,17.791056,9.99339,16.415503,20.687061,17.068504,24.187569,13.81458,1.8536936,0.18535233,41.773464,10.720775,12.583969,6.8462462
1790-phrase.wav,0.0,0.588673,0.0,0.0,0.0,-100.0,0.13998984,0.98834115,0.03223974,0.009027778,0.12921618,0.27204838,0.41952792,0.5544473,0.66972893,0.76589614,0.84702843,0.9178292,0.9822495,1.0430994,1.1020993,1.1600702,1.2171308,1.2728368,1.3262117,1.3755809,1.4180565,1.4484811,1.4578775,1.432704,1.3587462,1.2323397,1.069155,0.8959276,0.7342484,0.5943311,0.004731529,3.4987912e-05,41.666668,83.333336,114.583336,208.33333,0.0652288,89.07018,1.7947788,16636.203,30.169548,1547.6616,-0.017649995,0.0884799,0.008061962,23.212524,30.019373,23.348112,28.503164,15.995404,15.050817,4.061175,-17.468988,-11.044093,-8.190074,-6.104487,-9.632691,-1.8077148,-8.687448
1689-phrase.wav,0.0,0.57318616,0.0,0.0,0.0,-100.0,0.06457542,0.98834115,0.007800642,0.031597223,0.12921618,0.27204838,0.41952792,0.5544473,0.66972893,0.76589614,0.84702843,0.9178292,0.9822495,1.0430994,1.1020993,1.1600702,1.2171308,1.2728368,1.3262117,1.3755809,1.4180565,1.4484811,1.4578775,1.432704,1.3587462,1.2323397,1.069155,0.8959276,0.7342484,0.5943311,1.4495784e-05,4.7169965e-06,31.25,31.25,41.666668,62.5,0.018847598,102.42733,1.1195818,344425.72,14.480038,247.6247,-0.0009959489,0.07773634,1.6348182e-05,7.892156,25.927597,-2.3403482,16.806038,10.348883,17.038055,21.081543,5.1156993,11.344246,7.4958405,16.805555,-3.3151844,5.6521645,6.819748
1677-phrase.wav,0.0,0.57680434,0.0,0.0,0.0,-100.0,0.05675609,0.98834115,0.0023297605,0.035416666,0.12921618,0.27204838,0.41952792,0.5544473,0.66972893,0.76589614,0.84702843,0.9178292,0.9822495,1.0430994,1.1020993,1.1600702,1.2171308,1.2728368,1.3262117,1.3755809,1.4180565,1.4484811,1.4578775,1.432704,1.3587462,1.2323397,1.069155,0.8959276,0.7342484,0.5943311,1.8704117e-06,8.980823e-06,31.25,31.25,52.083332,2500.0,0.002413959,461.66968,1.7932395,2166116.2,4.672053,31.442507,-8.271274e-05,0.313691,4.5960983e-06,-3.553538,27.020197,0.82617813,2.2861779,21.743505,15.711614,6.804877,16.806225,8.051583,-0.9924698,24.459204,-1.7404294,22.213633,9.249545
2023-phrase.wav,0.0,0.40909162,0.0,0.0,0.0,-100.0,0.065820985,0.98834115,0.0032797928,0.030555556,0.12921618,0.27204838,0.41952792,0.5544473,0.66972893,0.76589614,0.84702843,0.9178292,0.9822495,1.0430994,1.1020993,1.1600702,1.2171308,1.2728368,1.3262117,1.3755809,1.4180565,1.4484811,1.4578775,1.432704,1.3587462,1.2323397,1.069155,0.8959276,0.7342484,0.5943311,6.870406e-06,8.137725e-06,31.25,31.25,62.5,62.5,0.0022060196,135.81331,1.4832965,443125.5,8.65556,80.897224,-0.00017649936,0.104072504,1.0563523e-05,7.1584926,14.839602,-1.7322129,8.784043,8.642159,26.61026,11.640597,11.614097,18.65396,-0.9961478,2.503299,4.3232775,10.4943285,9.543975
1998-phrase.wav,0.0,0.5368101,0.0,0.0,0.0,-100.0,0.09111334,0.98834115,0.0026718706,0.06527778,0.12921618,0.27204838,0.41952792,0.5544473,0.66972893,0.76589614,0.84702843,0.9178292,0.9822495,1.0430994,1.1020993,1.1600702,1.2171308,1.2728368,1.3262117,1.3755809,1.4180565,1.4484811,1.4578775,1.432704,1.3587462,1.2323397,1.069155,0.8959276,0.7342484,0.5943311,2.9944093e-05,2.5962516e-05,41.666668,72.916664,239.58333,1041.6666,0.0031346662,494.72427,3.881733,1373079.4,3.615402,16.526155,-5.9145652e-05,0.37278974,2.5829917e-05,8.620561,10.785758,10.552399,0.96755534,3.8033535,17.205584,15.072,-5.295609,-9.658027,-4.3658476,3.1915905,9.298423,14.831897,5.0231266
2227-phrase.wav,0.0,0.45048997,0.0,0.0,0.0,-100.0,0.09105188,0.98834115,0.009132646,0.02951389,0.12921618,0.27204838,0.41952792,0.5544473,0.66972893,0.76589614,0.84702843,0.9178292,0.9822495,1.0430994,1.1020993,1.1600702,1.2171308,1.2728368,1.3262117,1.3755809,1.4180565,1.4484811,1.4578775,1.432704,1.3587462,1.2323397,1.069155,0.8959276,0.7342484,0.5943311,2.4555186e-05,2.1694044e-05,31.25,31.25,52.083332,62.5,0.020946944,91.04468,1.025781,252139.11,12.378147,178.49895,-0.0012007834,0.06783242,2.2556143e-05,4.263663,13.957878,7.585872,11.772878,1.3257567,6.5390687,17.688728,17.138535,16.141413,15.5501585,13.67118,7.903666,10.546896,7.720308
901-phrase.wav,0.0,0.59866244,0.0,0.0,0.0,-100.0,0.14328316,0.98834115,0.0073546325,0.046180557,0.12921618,0.27204838,0.41952792,0.5544473,0.66972893,0.76589614,0.84702843,0.9178292,0.9822495,1.0430994,1.1020993,1.1600702,1.2171308,1.2728368,1.3262117,1.3755809,1.4180565,1.4484811,1.4578775,1.432704,1.3587462,1.2323397,1.069155,0.8959276,0.7342484,0.5943311,0.00027798914,8.023417e-05,31.25,62.5,62.5,385.41666,0.0051246975,273.0332,2.5911255,876137.94,5.4609275,33.862568,-0.0006286676,0.2092849,0.00020477717,9.798896,17.968248,10.031324,7.8374715,-4.940884,6.586424,7.196863,-6.972509,12.612126,-7.0529046,-0.5379974,8.540902,19.16646,9.509264
2361-phrase.wav,0.0,0.6583612,0.0,0.0,0.0,-100.0,0.07603667,0.98834115,0.0030298457,0.041666668,0.12921618,0.27204838,0.41952792,0.5544473,0.66972893,0.76589614,0.84702843,0.9178292,0.9822495,1.0430994,1.1020993,1.1600702,1.2171308,1.2728368,1.3262117,1.3755809,1.4180565,1.4484811,1.4578775,1.432704,1.3587462,1.2323397,1.069155,0.8959276,0.7342484,0.5943311,7.646104e-05,6.960768e-06,135.41667,166.66667,208.33333,239.58333,0.0071613505,276.57477,2.9812057,561309.94,8.053061,71.33308,-0.0001869932,0.25644276,0.00014452949,13.341026,27.152231,8.491138,18.654423,10.873226,16.204323,7.3263264,-0.45965573,-7.9258265,-16.19301,-12.048177,-7.1111298,-9.880444,-10.507802
665-phrase.wav,0.0,0.4753705,0.0,0.0,0.0,-100.0,0.08935714,0.98834115,0.005746942,0.09201389,0.12921618,0.27204838,0.41952792,0.5544473,0.66972893,0.76589614,0.84702843,0.9178292,0.9822495,1.0430994,1.1020993,1.1600702,1.2171308,1.2728368,1.3262117,1.3755809,1.4180565,1.4484811,1.4578775,1.432704,1.3587462,1.2323397,1.069155,0.8959276,0.7342484,0.5943311,1.940126e-05,1.720834e-05,31.25,31.25,41.666668,156.25,0.013646554,215.68512,1.4853266,878817.0,8.024578,78.83068,-0.00053849106,0.15470599,2.2605886e-05,4.904282,15.483298,-0.20084412,9.612775,3.9454262,10.911708,21.217384,13.519643,13.548421,0.050530594,14.068194,9.003949,12.029045,3.606705
1992-phrase.wav,0.0,0.31611934,0.0,0.0,0.0,-100.0,0.044563707,0.98834115,0.0022999176,0.025694445,0.12921618,0.27204838,0.41952792,0.5544473,0.66972893,0.76589614,0.84702843,0.9178292,0.9822495,1.0430994,1.1020993,1.1600702,1.2171308,1.2728368,1.3262117,1.3755809,1.4180565,1.4484811,1.4578775,1.432704,1.3587462,1.2323397,1.069155,0.8959276,0.7342484,0.5943311,3.4964323e-06,1.546888e-06,31.25,31.25,52.083332,62.5,0.0064586606,264.90305,1.561494,1273262.9,5.788531,38.75338,-7.860945e-05,0.19161654,5.6302943e-06,3.1091025,23.461569,-5.0411544,11.266143,2.9536169,16.687016,13.979195,11.52708,16.773176,2.9170542,1.4547591,3.9146192,14.946406,2.1350267
2022-phrase.wav,0.0,0.67589647,0.0,0.0,0.0,-100.0,0.06394888,0.98834115,0.0011643795,0.14409722,0.12921618,0.27204838,0.41952792,0.5544473,0.66972893,0.76589614,0.84702843,0.9178292,0.9822495,1.0430994,1.1020993,1.1600702,1.2171308,1.2728368,1.3262117,1.3755809,1.4180565,1.4484811,1.4578775,1.432704,1.3587462,1.2323397,1.069155,0.8959276,0.7342484,0.5943311,4.77689e-06,5.697664e-06,52.083332,562.5,4031.25,6468.75,0.0022203384,1968.6157,5.3193855,6851642.5,1.0719897,2.6595757,-1.017826e-05,1.3916613,1.6895496e-05,2.327875,19.836052,-9.571748,8.327899,8.220094,16.375269,12.897317,0.71632385,-3.935357,-14.196926,4.511062,0.45863152,2.761506,-1.3781471
143-phrase.wav,0.0,0.6003018,0.0,0.0,0.0,-100.0,0.06415955,0.98834115,0.005601429,0.025694445,0.12921618,0.27204838,0.41952792,0.5544473,0.66972893,0.76589614,0.84702843,0.9178292,0.9822495,1.0430994,1.1020993,1.1600702,1.2171308,1.2728368,1.3262117,1.3755809,1.4180565,1.4484811,1.4578775,1.432704,1.3587462,1.2323397,1.069155,0.8959276,0.7342484,0.5943311,7.115444e-06,7.811856e-06,31.25,31.25,62.5,62.5,0.0041691344,61.780468,1.1984514,91474.125,19.241602,402.15982,-0.00067508547,0.050123084,8.360177e-06,8.851108,16.000296,8.384425,17.999365,11.462426,19.204168,18.323298,12.825818,21.923246,12.881622,13.2011795,1.4625268,6.3747478,5.472613
1807-phrase.wav,0.0,0.46957278,0.0,0.0,0.0,-100.0,0.11102164,0.98834115,0.023215353,0.010069445,0.12921618,0.27204838,0.41952792,0.5544473,0.66972893,0.76589614,0.84702843,0.9178292,0.9822495,1.0430994,1.1020993,1.1600702,1.2171308,1.2728368,1.3262117,1.3755809,1.4180565,1.4484811,1.4578775,1.432704,1.3587462,1.2323397,1.069155,0.8959276,0.7342484,0.5943311,3.594568e-05,2.7187185e-05,31.25,31.25,52.083332,62.5,0.035569996,60.545605,1.0980607,86915.69,21.210773,489.0311,-0.005844882,0.05001822,6.547208e-05,10.514905,20.042702,-0.8830347,15.977066,6.8870735,26.390533,26.186043,16.452837,19.236788,2.0907862,9.211211,4.613551,17.311323,13.674346
2030-phrase.wav,0.0,0.59651536,0.0,0.0,0.0,-100.0,0.19926666,0.98834115,0.0153409215,0.050694447,0.12921618,0.27204838,0.41952792,0.5544473,0.66972893,0.76589614,0.84702843,0.9178292,0.9822495,1.0430994,1.1020993,1.1600702,1.2171308,1.2728368,1.3262117,1.3755809,1.4180565,1.4484811,1.4578775,1.432704,1.3587462,1.2323397,1.069155,0.8959276,0.7342484,0.5943311,7.9742145e-05,0.00075011747,31.25,31.25,52.083332,937.5,0.046371143,355.1199,2.1330693,938003.7,6.7513976,94.663055,-0.0033270412,0.2469276,0.00034582117,4.963467,1.763526,5.5634174,1.0747095,33.74511,23.607727,3.5033782,-4.109137,11.054341,12.213243,14.005404,-12.522533,2.826742,11.154124
1902-phrase.wav,0.0,0.0,0.0,0.0,0.0,-100.0,0.2398804,0.98834115,0.21291852,0.0,0.12921618,0.27204838,0.41952792,0.5544473,0.66972893,0.76589614,0.84702843,0.9178292,0.9822495,1.0430994,1.1020993,1.1600702,1.2171308,1.2728368,1.3262117,1.3755809,1.4180565,1.4484811,1.4578775,1.432704,1.3587462,1.2323397,1.069155,0.8959276,0.7342484,0.5943311,0.0009956536,0.00038949784,31.25,31.25,31.25,62.5,0.007258303,35.051586,0.48403892,1984.0006,104.70413,13734.419,-0.57464576,0.027157357,0.0008553729,18.49103,13.056405,9.88937,13.557335,11.207606,14.130183,14.409564,15.170592,16.6252,15.1018095,17.253765,14.622058,16.128836,12.939664
1945-phrase.wav,0.0,0.4713546,0.0,0.0,0.0,-100.0,0.04462388,0.98834115,0.0015615389,0.048611116,0.12921618,0.27204838,0.41952792,0.5544473,0.66972893,0.76589614,0.84702843,0.9178292,0.9822495,1.0430994,1.1020993,1.1600702,1.2171308,1.2728368,1.3262117,1.3755809,1.4180565,1.4484811,1.4578775,1.432704,1.3587462,1.2323397,1.069155,0.8959276,0.7342484,0.5943311,1.25309e-06,1.9748077e-06,31.25,31.25,62.5,3072.9167,0.002834945,611.7359,2.2066636,2936850.0,3.3302422,13.825412,-2.211912e-05,0.4323039,4.800187e-06,1.9001617,17.089928,-11.027092,8.64858,11.115963,23.6113,13.15104,8.372041,7.4427056,-3.3460414,11.325656,1.5712605,9.147763,2.5288575
1757-phrase.wav,0.0,0.10886698,0.0,0.0,0.0,-100.0,0.09419179,0.98834115,0.011465915,0.010416667,0.12921618,0.27204838,0.41952792,0.5544473,0.66972893,0.76589614,0.84702843,0.9178292,0.9822495,1.0430994,1.1020993,1.1600702,1.2171308,1.2728368,1.3262117,1.3755809,1.4180565,1.4484811,1.4578775,1.432704,1.3587462,1.2323397,1.069155,0.8959276,0.7342484,0.5943311,0.000104520666,1.7074148e-05,31.25,31.25,41.666668,72.916664,0.010939638,74.368034,1.3052112,158767.2,15.178486,241.29181,-0.0018826685,0.060092345,5.6086854e-05,11.631217,26.232101,7.2618318,23.08692,12.656288,12.838723,7.4096885,-3.276519,6.289841,2.7569191,10.561749,-5.159223,5.05092,0.2520269
1666-phrase.wav,0.0,0.43125716,0.0,0.0,0.0,-100.0,0.06709688,0.98834115,0.010975383,0.036805555,0.12921618,0.27204838,0.41952792,0.5544473,0.66972893,0.76589614,0.84702843,0.9178292,0.9822495,1.0430994,1.1020993,1.1600702,1.2171308,1.2728368,1.3262117,1.3755809,1.4180565,1.4484811,1.4578775,1.432704,1.3587462,1.2323397,1.069155,0.8959276,0.7342484,0.5943311,1.7399281e-05,2.0179685e-05,31.25,31.25,52.083332,62.5,0.015259519,47.33507,1.0789913,16450.916,38.196095,1766.3688,-0.0019117165,0.040120255,1.2429325e-05,16.32741,14.241115,6.353742,11.6432085,17.535381,22.216125,15.748238,17.280483,11.970009,15.3363085,21.57395,10.577024,13.019908,7.0850005
1482-phrase.wav,0.0,0.35814837,0.0,0.0,0.0,-100.0,0.09643957,0.98834115,0.008306916,0.028819444,0.12921618,0.27204838,0.41952792,0.5544473,0.66972893,0.76589614,0.84702843,0.9178292,0.9822495,1.0430994,1.1020993,1.1600702,1.2171308,1.2728368,1.3262117,1.3755809,1.4180565,1.4484811,1.4578775,1.432704,1.3587462,1.2323397,1.069155,0.8959276,0.7342484,0.5943311,5.0621118e-05,2.209298e-05,31.25,52.083332,62.5,83.333336,0.0116800545,86.17047,1.4718949,173531.9,13.223203,189.1881,-0.0011477439,0.070106596,3.092292e-05,8.868881,20.637098,11.55009,9.232631,5.1886487,8.149177,13.765198,14.574374,27.218626,7.4064183,10.783473,11.541102,2.0811253,13.393064
1909-phrase.wav,0.0,0.49819994,0.0,0.0,0.0,-100.0,0.16465698,0.98834115,0.07745367,0.023958333,0.12921618,0.27204838,0.41952792,0.5544473,0.66972893,0.76589614,0.84702843,0.9178292,0.9822495,1.0430994,1.1020993,1.1600702,1.2171308,1.2728368,1.3262117,1.3755809,1.4180565,1.4484811,1.4578775,1.432704,1.3587462,1.2323397,1.069155,0.8959276,0.7342484,0.5943311,0.00015966385,0.00015581706,31.25,31.25,31.25,62.5,0.050612163,39.73105,0.81618553,6259.7944,66.54196,5151.3105,-0.095428236,0.03238621,0.0001823086,15.20467,17.40044,8.48684,21.026098,18.469046,18.667734,21.110964,13.600951,20.917303,14.9230995,17.238913,13.099912,10.612441,5.314768
1960-phrase.wav,0.0,0.52861136,0.0,0.0,0.0,-100.0,0.11481941,0.98834115,0.014051855,0.02048611,0.12921618,0.27204838,0.41952792,0.5544473,0.66972893,0.76589614,0.84702843,0.9178292,0.9822495,1.0430994,1.1020993,1.1600702,1.2171308,1.2728368,1.3262117,1.3755809,1.4180565,1.4484811,1.4578775,1.432704,1.3587462,1.2323397,1.069155,0.8959276,0.7342484,0.5943311,7.049519e-05,3.548764e-05,31.25,31.25,62.5,62.5,0.011439941,60.423218,1.2504699,80930.09,20.411077,446.69815,-0.0045147412,0.04983611,5.827533e-05,9.814312,21.51706,10.487489,15.159099,9.368558,16.079666,16.582932,11.401845,20.25487,12.954559,7.654283,5.000508,5.873232,8.16105
1679-phrase.wav,0.0,0.5198026,0.0,0.0,0.0,-100.0,0.07773631,0.98834115,0.01670508,0.03923611,0.12921618,0.27204838,0.41952792,0.5544473,0.66972893,0.76589614,0.84702843,0.9178292,0.9822495,1.0430994,1.1020993,1.1600702,1.2171308,1.2728368,1.3262117,1.3755809,1.4180565,1.4484811,1.4578775,1.432704,1.3587462,1.2323397,1.069155,0.8959276,0.7342484,0.5943311,2.0929037e-05,9.837927e-06,31.25,31.25,41.666668,62.5,0.0102375485,44.721436,0.7973051,38269.223,31.590502,1055.9739,-0.004752874,0.03554668,1.6143169e-05,7.759754,24.36233,7.2315445,19.136541,14.922604,18.861794,14.598693,7.1066747,9.939037,10.918826,23.718826,13.603539,20.113495,9.826625
1652-phrase.wav,0.0,0.5786462,0.0,0.0,0.0,-100.0,0.08922351,0.98834115,0.004498055,0.047222223,0.12921618,0.27204838,0.41952792,0.5544473,0.66972893,0.76589614,0.84702843,0.9178292,0.9822495,1.0430994,1.1020993,1.1600702,1.2171308,1.2728368,1.3262117,1.3755809,1.4180565,1.4484811,1.4578775,1.432704,1.3587462,1.2323397,1.069155,0.8959276,0.7342484,0.5943311,6.7998894e-06,3.9505783e-05,31.25,31.25,62.5,729.1667,0.0064963684,345.15915,1.8578172,1193811.6,6.932806,86.57853,-0.00029114264,0.22682981,1.8035624e-05,-0.8205274,14.15824,10.256698,-5.128502,25.070578,25.567942,14.664172,25.593384,-15.152572,1.5406634,0.48500934,11.420312,23.175566,12.589658
1723-phrase.wav,0.0,0.46077576,0.0,0.0,0.0,-100.0,0.06955927,0.98834115,0.0037481077,0.025347224,0.12921618,0.27204838,0.41952792,0.5544473,0.66972893,0.76589614,0.84702843,0.9178292,0.9822495,1.0430994,1.1020993,1.1600702,1.2171308,1.2728368,1.3262117,1.3755809,1.4180565,1.4484811,1.4578775,1.432704,1.3587462,1.2323397,1.069155,0.8959276,0.7342484,0.5943311,1.3237311e-05,2.7276516e-05,31.25,52.083332,62.5,104.166664,0.0071000233,217.18434,1.9166613,682060.56,7.228534,71.83566,-0.00022067071,0.14981237,1.2963451e-05,4.942471,20.283197,13.508568,13.631538,24.462519,18.86464,-6.408524,10.831685,-3.0012987,-5.5776067,21.881006,2.3590205,9.674963,14.586093
2010-phrase.wav,0.0,0.0,0.0,0.0,0.0,-100.0,0.038058087,0.98834115,0.00064829824,0.1,0.12921618,0.27204838,0.41952792,0.5544473,0.66972893,0.76589614,0.84702843,0.9178292,0.9822495,1.0430994,1.1020993,1.1600702,1.2171308,1.2728368,1.3262117,1.3755809,1.4180565,1.4484811,1.4578775,1.432704,1.3587462,1.2323397,1.069155,0.8959276,0.7342484,0.5943311,3.2251257e-06,1.0424175e-06,31.25,41.666668,187.5,5447.9165,0.0008001372,847.74,3.2403069,4048942.0,2.3697708,6.861154,-6.6683674e-06,0.60225576,3.0913316e-06,3.7118416,24.484365,-2.8070233,10.817276,4.492565,9.144397,4.293321,-2.1648293,-3.4488027,-3.3560522,2.6291592,-2.473537,7.3427377,0.11527109
1672-phrase.wav,0.0,0.5870047,0.0,0.0,0.0,-100.0,0.07088482,0.98834115,0.016733274,0.025694445,0.12921618,0.27204838,0.41952792,0.5544473,0.66972893,0.76589614,0.84702843,0.9178292,0.9822495,1.0430994,1.1020993,1.1600702,1.2171308,1.2728368,1.3262117,1.3755809,1.4180565,1.4484811,1.4578775,1.432704,1.3587462,1.2323397,1.069155,0.8959276,0.7342484,0.5943311,1.1530931e-05,7.715412e-06,31.25,31.25,41.666668,62.5,0.02578223,44.95257,0.78133416,41590.78,33.985058,1271.6819,-0.0049804435,0.035622425,1.3578351e-05,8.510747,24.679266,6.8990483,25.49962,18.87165,19.740591,11.289012,10.653476,15.565181,10.339032,15.869896,4.865285,18.52667,7.464168
1763-phrase.wav,0.0,0.356958,0.0,0.0,0.0,-100.0,0.06863862,0.98834115,0.014710113,0.013194445,0.12921618,0.27204838,0.41952792,0.5544473,0.66972893,0.76589614,0.84702843,0.9178292,0.9822495,1.0430994,1.1020993,1.1600702,1.2171308,1.2728368,1.3262117,1.3755809,1.4180565,1.4484811,1.4578775,1.432704,1.3587462,1.2323397,1.069155,0.8959276,0.7342484,0.5943311,1.6018648e-05,7.5564653e-06,31.25,31.25,31.25,62.5,0.003867086,40.94981,0.76810193,17278.842,42.835903,1979.6168,-0.003778505,0.032760605,1.1812925e-05,10.879303,20.881607,11.359063,18.141407,13.630422,14.409531,17.384356,11.852145,19.403076,12.466115,13.939267,11.524197,10.215585,5.907606
1834-phrase.wav,0.0,0.46121535,0.0,0.0,0.0,-100.0,0.09615447,0.98834115,0.017958878,0.04444444,0.12921618,0.27204838,0.41952792,0.5544473,0.66972893,0.76589614,0.84702843,0.9178292,0.9822495,1.0430994,1.1020993,1.1600702,1.2171308,1.2728368,1.3262117,1.3755809,1.4180565,1.4484811,1.4578775,1.432704,1.3587462,1.2323397,1.069155,0.8959276,0.7342484,0.5943311,6.327544e-05,1.3951786e-05,31.25,31.25,41.666668,62.5,0.019254368,72.5386,1.0372189,191119.95,15.052536,238.54907,-0.0043627997,0.05626982,6.8780035e-05,10.347642,29.245428,2.0126376,23.281227,6.742478,14.44757,13.759885,8.162572,12.56574,-2.4439042,20.79342,1.5168508,14.465305,-2.8733387
1770-phrase.wav,0.0,0.5269695,0.0,0.0,0.0,-100.0,0.11100397,0.98834115,0.026128946,0.0149305565,0.12921618,0.27204838,0.41952792,0.5544473,0.66972893,0.76589614,0.84702843,0.9178292,0.9822495,1.0430994,1.1020993,1.1600702,1.2171308,1.2728368,1.3262117,1.3755809,1.4180565,1.4484811,1.4578775,1.432704,1.3587462,1.2323397,1.069155,0.8959276,0.7342484,0.5943311,0.00015430056,2.7011809e-05,31.25,31.25,62.5,62.5,0.027917193,46.67577,1.0876485,22599.35,43.007664,2188.955,-0.012452632,0.03918403,4.581592e-05,15.609866,25.018549,16.185995,19.504133,9.724618,16.358353,11.239003,12.477834,10.906011,10.699059,8.851072,-0.9420366,9.085332,4.9553246
1908-phrase.wav,0.0,0.0,0.0,0.0,0.0,-100.0,0.103039145,0.98834115,0.021952957,0.010069445,0.12921618,0.27204838,0.41952792,0.5544473,0.66972893,0.76589614,0.84702843,0.9178292,0.9822495,1.0430994,1.1020993,1.1600702,1.2171308,1.2728368,1.3262117,1.3755809,1.4180565,1.4484811,1.4578775,1.432704,1.3587462,1.2323397,1.069155,0.8959276,0.7342484,0.5943311,2.8658435e-05,3.115845e-05,31.25,31.25,41.666668,62.5,0.047925513,51.6383,0.9246052,55774.53,31.787905,1218.9432,-0.008048872,0.041750997,3.9739713e-05,10.381537,16.129803,1.7818044,17.148703,15.583347,23.492884,22.990664,14.572617,14.430932,3.3748682,17.785269,10.074544,17.054548,10.261594
